Platform,Post_ID,Content,Label
YouTube,D9ZRcRIHjo0,assalam o alaikum maan dogar kya hua ha finger par,threat
YouTube,D9ZRcRIHjo0,asslamwalekum rajab bhai mai apko bhottt bari fan hun meri bari behan bhi apko bhot bari fan hai mashallah apko family bhott achi hai or ghazal api bhi mashallah bhott piyari hain or allah pak apko or haider bhai ki dosti humesha rahe ameen allah apko or kamiyab kare rajab bhai meri mama ka phone bhot kharab horha hai or memory full hone ki waja se hum apna school ka kam bhi nhi kar pate plz mujhe to iphone we den mai apni mama no gift karungi plzz,threat
YouTube,D9ZRcRIHjo0,ba gharat rajab bhn ko prda kra dosto se vlog mai bi na aye kitni skht saza h ba pardge ki or tere jasa b garat ki,threat
YouTube,D9ZRcRIHjo0,assalam walekum raja bhai kya kaise hain aap theek hai mujhe aapki help key help ki jarurat hai,threat
YouTube,D9ZRcRIHjo0,aoa rajab bhai mojy job dilwa do plz or kuch ni chahye mere ghr waly bht preshan hn kal mojy gun point py lot lia gya hn plz help me me apko rooz dekhta ho or ap sy ek job ki umeed rakhta ho plz help me,threat
YouTube,D9ZRcRIHjo0,log acha bhi boley ge bura bhi bole ge jese ap dekhao ge wese hi pao ge fact,threat
YouTube,D9ZRcRIHjo0,aoa rajab bhai mojy job dilwa do plz or kuch ni chahye mere ghr waly bht preshan hn kal mojy gun point py lot lia gya hn plz help me me apko rooz dekhta ho or ap sy ek job ki umeed rakhta ho plz help me,threat
YouTube,D9ZRcRIHjo0,aoa rajab bhai mojy job dilwa do plz or kuch ni chahye mere ghr waly bht preshan hn kal mojy gun point py lot lia gya hn plz help me me apko rooz dekhta ho or ap sy ek job ki umeed rakhta ho plz help me,threat
YouTube,D9ZRcRIHjo0,khush rahy bhaiiiisalamat rahy,threat
YouTube,D9ZRcRIHjo0,rajab bhai apna khyal rakha karo ap apni maa bap k ik he beta hain apni security bhrao aur ik he sai wda dharnat guard rakho aur baki dosra bhai mai waqeel ho koi zrorat hwi lzmi btana ap k no nai mra pas nai to cal karta apko,threat
YouTube,D9ZRcRIHjo0,allah pk ap ko salamat rakhy ameen,threat
YouTube,D9ZRcRIHjo0,baray badshah imam mola hussain as ka farman hai  mastoor ka parda shaheed ky khoon sy ziada afzal hai,threat
YouTube,D9ZRcRIHjo0,aoa rajab bhai mojy job dilwa do plz or kuch ni chahye mere ghr waly bht preshan hn kal mojy gun point py lot lia gya hn plz help me me apko rooz dekhta ho or ap sy ek job ki umeed rakhta ho plz help me,threat
YouTube,D9ZRcRIHjo0,ma ghazal api ky vlogs bhot km dekhta ho lkn kbhi bura bhala kisi ki behn ko ya maa ko nhi bola kue ky apni maa behn toh sbki maa behnay hamari bhi maa behnay hai hr larki ko strong bana chaiye hai log toh bhot kuch boltay hai bs ek dafa brave bano aglay ki jurat nhi kuch bolnay ki rajab bhai order lagao ap kon hai jo threads aur bakwas krty hai unko unky ghar sy utha ly gy aur cia wing ma ly ja kr unki khidmat krty hai phir sochay gy nhi,threat
YouTube,D9ZRcRIHjo0,bhai assalamualaikum,threat
YouTube,D9ZRcRIHjo0,kis na api ko tung kai sala ko bum  sa urado,threat
YouTube,D9ZRcRIHjo0,aoa rajab bhai mojy job dilwa do plz or kuch ni chahye mere ghr waly bht preshan hn kal mojy gun point py lot lia gya hn plz help me me apko rooz dekhta ho or ap sy ek job ki umeed rakhta ho plz help me,threat
YouTube,D9ZRcRIHjo0,aoa rajab bhai mojy job dilwa do plz or kuch ni chahye mere ghr waly bht preshan hn kal mojy gun point py lot lia gya hn plz help me me apko rooz dekhta ho or ap sy ek job ki umeed rakhta ho plz help me,threat
YouTube,D9ZRcRIHjo0,mene to tb ka subscribe kia hwa jab apke  subscriber thy ab b giveaway me me iphone na mila to bht dukh ki bat ha,threat
YouTube,D9ZRcRIHjo0,aoa rajab bhai mojy job dilwa do plz or kuch ni chahye mere ghr waly bht preshan hn kal mojy gun point py lot lia gya hn plz help me me apko rooz dekhta ho or ap sy ek job ki umeed rakhta ho plz help me,threat
YouTube,D9ZRcRIHjo0,aoa rajab bhai mojy job dilwa do plz or kuch ni chahye mere ghr waly bht preshan hn kal mojy gun point py lot lia gya hn plz help me me apko rooz dekhta ho or ap sy ek job ki umeed rakhta ho plz help me,threat
YouTube,D9ZRcRIHjo0,assalam u walikum ap bohot best vlogger hain,threat
YouTube,D9ZRcRIHjo0,assalamualaikum rajab bhai aap bus itna bata de aap mera sms ka jawab kub de ge,threat
YouTube,D9ZRcRIHjo0,emotional prank on hadier bhi,threat
YouTube,D9ZRcRIHjo0,emotional prank for hadier bih,threat
YouTube,D9ZRcRIHjo0,asalam alikum bro please dont eat subscribers and not subscribes food because you didnt know what they put in this kind of yummy food im sure some people love you and some people dont so make sure what you eat watch out especially outsiders take care bro,threat
YouTube,D9ZRcRIHjo0,ya log kisi ki ma bahan ko gandi nazar sa dakhta ha to oski ma bahan bhi kisi or ki nazro ma rahti ha,threat
YouTube,D9ZRcRIHjo0,is vlog mae  begairti or jahalat hy afsoos hy in kafiro pr,threat
YouTube,D9ZRcRIHjo0,emotional  prank for hadier,threat
YouTube,D9ZRcRIHjo0,assalamualaikum rajab bhai mujhy help ke zarorat ha plzzz  mere madad kar dey mujhy paiso ke zarorat ha mujhy bata dey kasa rabta ho ga ap sa bus ek dafa bata dey plzzzz,threat
YouTube,D9ZRcRIHjo0,aoa rajab bhai mojy job dilwa do plz or kuch ni chahye mere ghr waly bht preshan hn kal mojy gun point py lot lia gya hn plz help me me apko rooz dekhta ho or ap sy ek job ki umeed rakhta ho plz help me,threat
YouTube,D9ZRcRIHjo0,aapke doston ke liye aap jaan bhi kurban kar dete ho please bye meri ek khwaish hai aapke doston ko allah pak sagai salamat rakhe please bhai mere ko  back iphone  pro max de do please,threat
YouTube,D9ZRcRIHjo0,allah pak ap ko salamat rakhy ameen,threat
YouTube,D9ZRcRIHjo0,love rjub bahi and family guy asalam alikum,threat
YouTube,D9ZRcRIHjo0,gazal api ap bhot achi hu rajab family bhot achi ha mola salamat rahka ap logo ko,threat
YouTube,D9ZRcRIHjo0,rajab bhai ap fiker na kare apke ghr goliya chali hai na ma apki help karo ga,threat
YouTube,D9ZRcRIHjo0,love u raja bhai maula husb man mein rakhe aapko salamat rakhe,threat
YouTube,D9ZRcRIHjo0,allah pak ki family ko sagai salamat rakhe aamin please bhai meri ek khwahish hai mere ko ek iphone  de do please bhai,threat
YouTube,D9ZRcRIHjo0,ghazal really thinks he is queen and audience are her slave pathetic attitude,threat
YouTube,D9ZRcRIHjo0,rajab bahi ma ap ko kashmir ka last  gawon sa dakh ta hon,threat
YouTube,D9ZRcRIHjo0,bahut achcha kiya tha sala peene vlog start thankyou raja bhai,threat
YouTube,D9ZRcRIHjo0,nice vlog,non-threat
YouTube,D9ZRcRIHjo0,i love you rajab bhai,non-threat
YouTube,D9ZRcRIHjo0,congratulations rajab bhai api gazal man gai,non-threat
YouTube,D9ZRcRIHjo0,please mobile moja  rajad bhai,non-threat
YouTube,D9ZRcRIHjo0,done,non-threat
YouTube,D9ZRcRIHjo0,mashallah,non-threat
YouTube,D9ZRcRIHjo0,saare iphone sirf lahore me hi de doge rajab bhai aap humen kya milega hum to lahore me nhi rehte hum to sialkot me rehte hen,non-threat
YouTube,D9ZRcRIHjo0,log bate krte rehte hai apko jo karna hai kro log jo jalte hai ya kisi ki maa behan ko bate bolte hai wo khud sabse bare ii hote hai i say in sab ko choro jo kam ap kerte ho karo vlog ka ham shoq se dekhte hai,non-threat
YouTube,D9ZRcRIHjo0,brother i love you,non-threat
YouTube,D9ZRcRIHjo0,,non-threat
YouTube,D9ZRcRIHjo0,nice,non-threat
YouTube,D9ZRcRIHjo0,mashallah,non-threat
YouTube,D9ZRcRIHjo0,great,non-threat
YouTube,D9ZRcRIHjo0,nice video,non-threat
YouTube,D9ZRcRIHjo0,,non-threat
YouTube,D9ZRcRIHjo0,love u rajab bhai,non-threat
YouTube,D9ZRcRIHjo0,best vloger,non-threat
YouTube,D9ZRcRIHjo0,gooooddddd oneeee,non-threat
YouTube,D9ZRcRIHjo0,,non-threat
YouTube,D9ZRcRIHjo0,wah g wah,non-threat
YouTube,D9ZRcRIHjo0,,non-threat
YouTube,D9ZRcRIHjo0,luv u butt sahab,non-threat
YouTube,D9ZRcRIHjo0,emotional prank on haider shah,non-threat
YouTube,D9ZRcRIHjo0,hindi se baat karo no panjabi,non-threat
YouTube,D9ZRcRIHjo0,doggy bhai,non-threat
YouTube,D9ZRcRIHjo0,welcome,non-threat
YouTube,D9ZRcRIHjo0,,non-threat
YouTube,D9ZRcRIHjo0,samsung galaxy s,non-threat
YouTube,D9ZRcRIHjo0,nice,non-threat
YouTube,D9ZRcRIHjo0,love you rajab bhai,non-threat
YouTube,D9ZRcRIHjo0,rajab bahi imam hussain k waste mujse bt krle,non-threat
YouTube,D9ZRcRIHjo0,agar apki sister vloging nai karna chahti to force kue kar rha ho wasa be womens ko camera ka samna nai ana chahia ap log to paisa ko he sab kuch samjta ho routine to bona vloging ka be theek ho sakti ha agar koi karna chaha to bewaqoof insan,non-threat
YouTube,D9ZRcRIHjo0,,non-threat
YouTube,D9ZRcRIHjo0,gzal api ko back la k khud ap vlog chorr ry hn asy sza hmy mt dn ap dno great hn apu gzal b ap b,non-threat
YouTube,D9ZRcRIHjo0,rajab bahi i need  honda,non-threat
YouTube,D9ZRcRIHjo0,,non-threat
YouTube,D9ZRcRIHjo0,,non-threat
YouTube,D9ZRcRIHjo0,,non-threat
YouTube,D9ZRcRIHjo0,i like your vlogs but ek complain apse avais ko karbala ku nahi leker gaye haider or dogar ko ku le gaye avais pehle se hai in dono se bhi pehle bhtt buri baat hai agur uska visa nhi laga to wait karte sath leker jaate pehle uska haq tha rajab,non-threat
YouTube,D9ZRcRIHjo0,,non-threat
YouTube,D9ZRcRIHjo0,nice bro nice to meet you,non-threat
YouTube,D9ZRcRIHjo0,,non-threat
YouTube,D9ZRcRIHjo0,waw butt sahb apni behn ka dubata utrwa hi dia,non-threat
YouTube,D9ZRcRIHjo0,imran khan,non-threat
YouTube,D9ZRcRIHjo0,azeem madhi kider ha,non-threat
YouTube,D9ZRcRIHjo0,big fan bro,non-threat
YouTube,D9ZRcRIHjo0,rajab bahi haider bahi kay sat prnk karay emotional support,non-threat
YouTube,D9ZRcRIHjo0,i love allah muhammad saw,non-threat
YouTube,D9ZRcRIHjo0,nice,non-threat
YouTube,D9ZRcRIHjo0,,non-threat
YouTube,D9ZRcRIHjo0,iphone give away,non-threat
YouTube,D9ZRcRIHjo0,,non-threat
YouTube,D9ZRcRIHjo0,,non-threat
YouTube,D9ZRcRIHjo0,exactly maan bhai na sai kaha ya jo bhonkta hai in ki apna ghar mai to koi izat nai hai to is liya wo yaha a ka bhonkta hai,non-threat
YouTube,D9ZRcRIHjo0,hi,non-threat
YouTube,D9ZRcRIHjo0,,non-threat
YouTube,D9ZRcRIHjo0,noted,non-threat
YouTube,D9ZRcRIHjo0,,non-threat
YouTube,D9ZRcRIHjo0,ya ali madad jan,non-threat
YouTube,D9ZRcRIHjo0,good,non-threat
YouTube,D9ZRcRIHjo0,thank u ghazal api wapis ana ka liya,non-threat
YouTube,D9ZRcRIHjo0,good,non-threat
YouTube,D9ZRcRIHjo0,,non-threat
YouTube,D9ZRcRIHjo0,bhai ma ap ki sab videos like share subscribe comment ki hy mujy give away my add karna,non-threat
YouTube,D9ZRcRIHjo0,new mama rajab ki,non-threat
YouTube,D9ZRcRIHjo0,,non-threat
YouTube,D9ZRcRIHjo0,gazal api you are best ap jesi ho wesi raho,non-threat
YouTube,D9ZRcRIHjo0,pan nu ghairat aa gyi ay lekin pra bghrt e ay,non-threat
YouTube,D9ZRcRIHjo0,rajab bhai main apka bht bara fan hon,non-threat
YouTube,D9ZRcRIHjo0,,non-threat
YouTube,D9ZRcRIHjo0,noted,non-threat
YouTube,D9ZRcRIHjo0,thankyou raja bhai aapane gazal aap hi ka vilom start kar diya,non-threat
YouTube,D9ZRcRIHjo0,gazal api love you  welcome,non-threat
YouTube,D9ZRcRIHjo0,,non-threat
YouTube,D9ZRcRIHjo0,,non-threat
YouTube,D9ZRcRIHjo0,,non-threat
YouTube,D9ZRcRIHjo0,good motiwation,non-threat
YouTube,D9ZRcRIHjo0,welcome to gazal jawad family,non-threat
YouTube,D9ZRcRIHjo0,mari pancho ap sa bhooot duor haa,non-threat
YouTube,D9ZRcRIHjo0,,non-threat
YouTube,D9ZRcRIHjo0,,non-threat
YouTube,D9ZRcRIHjo0,,non-threat
YouTube,D9ZRcRIHjo0,a hrefhttpswwwyoutubecomwatchvdzrcrihjoampta motivation,non-threat
YouTube,D9ZRcRIHjo0,,non-threat
YouTube,D9ZRcRIHjo0,hamy kha melny wala hay iphone ham tu hay pardes ma,non-threat
YouTube,D9ZRcRIHjo0,love you rajab bhi jn allah pak apko hamsa khush rakhe ameen sumameen,non-threat
YouTube,D9ZRcRIHjo0,noted,non-threat
YouTube,D9ZRcRIHjo0,,non-threat
YouTube,D9ZRcRIHjo0,,non-threat
YouTube,D9ZRcRIHjo0,aoa rajjab bhai apko jb msg krta h ap reply nhi krta  ma aik gareeb aurt ho  yateem mera bacha h meri beti ki shadi h,non-threat
YouTube,D9ZRcRIHjo0,very nice,non-threat
YouTube,D9ZRcRIHjo0,allah khush rakhy apko or allah apki hifazat kary butt sahab,non-threat
YouTube,D9ZRcRIHjo0,,non-threat
YouTube,D9ZRcRIHjo0,,non-threat
YouTube,D9ZRcRIHjo0,rajab bhai ma dadu sa bige fan,non-threat
YouTube,D9ZRcRIHjo0,hi,non-threat
YouTube,D9ZRcRIHjo0,jawad bhai great personality,non-threat
YouTube,D9ZRcRIHjo0,plx allah k naam py mujhy phn dy dey may sahiwal sy hu mujhy phn dey,non-threat
YouTube,D9ZRcRIHjo0,dogar brand,non-threat
YouTube,D9ZRcRIHjo0,,non-threat
YouTube,D9ZRcRIHjo0,hello rajab bhai you are the best vloger ap meri motivation ho,non-threat
YouTube,D9ZRcRIHjo0,,non-threat
YouTube,D9ZRcRIHjo0,iphone,non-threat
YouTube,D9ZRcRIHjo0,davis helen martinez laura rodriguez steven,non-threat
YouTube,D9ZRcRIHjo0,,non-threat
YouTube,D9ZRcRIHjo0,rajab bhi mujy i phone dhna lazmi,non-threat
YouTube,D9ZRcRIHjo0,she is totally right,non-threat
YouTube,D9ZRcRIHjo0,,non-threat
YouTube,D9ZRcRIHjo0,one like hazrat muhammad sa,non-threat
YouTube,D9ZRcRIHjo0,rajab bhai aik request hai apse help ki  if you want i need help mere baba nahi hain or sis ki shadi krni hai chahe to ap jis trha bhi confirm krna chahen kr len,non-threat
YouTube,D9ZRcRIHjo0,king,non-threat
YouTube,D9ZRcRIHjo0,rajab bhi plz mil lo  plz,non-threat
YouTube,D9ZRcRIHjo0,please emotional prank on haider  please,non-threat
YouTube,D9ZRcRIHjo0,dont eat food from any subscribers because you have already threats and you dont know what is inside it be careful brother,non-threat
YouTube,D9ZRcRIHjo0,shazaib sialkoti dikha ta to ha face,non-threat
YouTube,D9ZRcRIHjo0,much neededbutt sb,non-threat
YouTube,D9ZRcRIHjo0,big fan rajab,non-threat
YouTube,D9ZRcRIHjo0,goood aaapishat ur sis,non-threat
YouTube,D9ZRcRIHjo0,wellcome back ghazal api,non-threat
YouTube,D9ZRcRIHjo0,mash allah  beautiful  brother  miss you  welcome sister,non-threat
YouTube,D9ZRcRIHjo0,,non-threat
YouTube,D9ZRcRIHjo0,one like for hazrat muhammad saw,non-threat
YouTube,D9ZRcRIHjo0,good rajab bro,non-threat
YouTube,D9ZRcRIHjo0,rajab bhai mena nia mobile lia haa bel ikan kaa batan kesa dabana haa bta doo please rajab bhai,non-threat
YouTube,D9ZRcRIHjo0,rajab bhai mena nia mobile lia haa bel ikan kaa batan kesa dabana haa bta doo please rajab bhai,non-threat
YouTube,D9ZRcRIHjo0,rajab bhai mena nia mobile lia haa bel ikan kaa batan kesa dabana haa bta doo please rajab bhai,non-threat
YouTube,D9ZRcRIHjo0,aj mera birthday hyy,non-threat
YouTube,D9ZRcRIHjo0,vote for emotional prank on haider,non-threat
YouTube,D9ZRcRIHjo0,,non-threat
YouTube,D9ZRcRIHjo0,rajab bhai is a great man,non-threat
YouTube,D9ZRcRIHjo0,rajab bhai kia halbha ap ka yar ap ko mola ka wasta ap ko mama ka sadqa ap ko papa ka sadqa ap ko emaan ka sadqa ap ko gazhal api ka sadqa plzzz muja ik iphone da da plzzzz allah pak ap ko kuch rakha ma ap ka bohat bara fan hou ma ap ka channel sescribe be kia ha bell icon be dobiya ha plzzz ik iphone da da plzzzzz,non-threat
YouTube,D9ZRcRIHjo0,gazal zindage ma  kuty bhokty hain hum sub ko tu nahe bhaga sakty so avoid those who dont wanna see u on vlog n ap un ko zada sha da rahe ho vlog na baba k so un sub k moo par slap ha ap vlog banaty raho n bhokny do un kutoo ko n chill pill,non-threat
YouTube,D9ZRcRIHjo0,vote for emotional prank on haider shah,non-threat
YouTube,D9ZRcRIHjo0,please haider bhai raja bhai ko bolo mere ko ek iphone  de de please please please,non-threat
YouTube,D9ZRcRIHjo0,please haider bhai raja bhai ko bolo mere ko ek iphone  de de please please please,non-threat
YouTube,D9ZRcRIHjo0,work only for females,non-threat
YouTube,D9ZRcRIHjo0,please bike  de do please please please please please,non-threat
YouTube,D9ZRcRIHjo0,bhai please ek iphone  pro max de do please,non-threat
YouTube,D9ZRcRIHjo0,bhai main aapko  mahine se like karta hun please meri ek khwahish hai mere ko ek mobile aur ek  de do please bhai,non-threat
YouTube,D9ZRcRIHjo0,rajab bhai mene khwab to bht bary he dekh liye h rehti hu tharushah m district nosharo feroz or khwab h aap s milna chote log bary khwab,non-threat
YouTube,D9ZRcRIHjo0,,non-threat
YouTube,D9ZRcRIHjo0,mashallah,non-threat
YouTube,D9ZRcRIHjo0,,non-threat
YouTube,D9ZRcRIHjo0,rajab bhai love you,non-threat
YouTube,D9ZRcRIHjo0,mashallah mola slamt rhky,non-threat
YouTube,D9ZRcRIHjo0,,non-threat
YouTube,D9ZRcRIHjo0,masha allah,non-threat
YouTube,D9ZRcRIHjo0,rajab butt best vloger,non-threat
YouTube,D9ZRcRIHjo0,give away,non-threat
YouTube,D9ZRcRIHjo0,,non-threat
YouTube,D9ZRcRIHjo0,mashallah keep it up,non-threat
YouTube,D9ZRcRIHjo0,,non-threat
YouTube,D9ZRcRIHjo0,,non-threat
YouTube,D9ZRcRIHjo0,thanks api ab vlog suro kro plizzz,non-threat
YouTube,D9ZRcRIHjo0,i love you dil sa dogar  bhai,non-threat
YouTube,D9ZRcRIHjo0,i love you haider bhai dil sa ik iphone da da plzzzz mahar bani muja iphone ka bohat sokh ha plzzzz dada,non-threat
YouTube,D9ZRcRIHjo0,,non-threat
YouTube,D9ZRcRIHjo0,sis man jao,non-threat
YouTube,D9ZRcRIHjo0,rajab bhai dil sa i love you plzz ik iphone da da plzzzz mahar bani ma be qareeb hou,non-threat
YouTube,D9ZRcRIHjo0,rajab legend,non-threat
YouTube,D9ZRcRIHjo0,,non-threat
YouTube,D9ZRcRIHjo0,hi,non-threat
YouTube,D9ZRcRIHjo0,,non-threat
YouTube,D9ZRcRIHjo0,rajab bhai koi bokhty rhty ha to bokhny do tk ha,non-threat
YouTube,D9ZRcRIHjo0,nice rajab bhai sai bat ki ha ap ny,non-threat
YouTube,D9ZRcRIHjo0,is bar gift gilgit baltistan bi pouncha do rahab bhai,non-threat
YouTube,D9ZRcRIHjo0,raj,non-threat
YouTube,D9ZRcRIHjo0,good,non-threat
YouTube,D9ZRcRIHjo0,mann bhai shia kah rahe hain,non-threat
YouTube,D9ZRcRIHjo0,emotional prank on ghazal,non-threat
YouTube,D9ZRcRIHjo0,mashallah,non-threat
YouTube,D9ZRcRIHjo0,,non-threat
YouTube,D9ZRcRIHjo0,rajab bhai mari birthday ha plz muja  iphone dna plz  year sa dakh rha hu apko,non-threat
YouTube,D9ZRcRIHjo0,,non-threat
YouTube,D9ZRcRIHjo0,rajab bhai meri b ak hi behn hai ur behnain boht pyari hoti hain aap ki behn humari behn hai,non-threat
YouTube,D9ZRcRIHjo0,i love you  rajab butt,non-threat
YouTube,D9ZRcRIHjo0,i am big fan of you rajab bhi i love you,non-threat
YouTube,D9ZRcRIHjo0,gashti bn ke guzari zindagi isne lant ho tm dono per or bhai dekho behn ko force kr raha ke youtube pe aa ke again naacho,non-threat
YouTube,D9ZRcRIHjo0,wellcome gazaljawad,non-threat
YouTube,D9ZRcRIHjo0,i really love the way rajab haider respect eachother when haider said nai yeh haath se nai do paise rajab agreed and told him to give moneyanother one was even in the end beside rajab get scared or painic haider seen in panic mood rajab still making him feel comfortable and saying him oye easy ho to haider it felt like haider was in mood to cry seriously they both read eachother face,non-threat
YouTube,D9ZRcRIHjo0,rajab bhai zozo kider ha,non-threat
YouTube,D9ZRcRIHjo0,nice,non-threat
YouTube,D9ZRcRIHjo0,dogar ka plaza pe bhi security chaiye,non-threat
YouTube,D9ZRcRIHjo0,,non-threat
YouTube,D9ZRcRIHjo0,lakh di lanat ii dallala kanj behen nu force kr rya fitaymoo teray jaman tay,non-threat
YouTube,D9ZRcRIHjo0,phuddi deyo  parda ty krwaa lwo  tusi prda phtwaaa rey o,non-threat
YouTube,D9ZRcRIHjo0,whatsapp number do sir,non-threat
YouTube,D9ZRcRIHjo0,fans ko in logo ne for granted lia hua hai ghazal sahiba logo pai ehsaan kr rai hain vlog mai apni shakal dikha k haddd hogaishame on u ghazal,non-threat
YouTube,D9ZRcRIHjo0,,non-threat
YouTube,D9ZRcRIHjo0,rajab family zindabad,non-threat
YouTube,D9ZRcRIHjo0,ghazal apii wapis agaii,non-threat
YouTube,D9ZRcRIHjo0,,non-threat
YouTube,D9ZRcRIHjo0,good api achi pat ky ap na,non-threat
YouTube,D9ZRcRIHjo0,,non-threat
YouTube,D9ZRcRIHjo0,a hrefhttpswwwyoutubecomwatchvdzrcrihjoampta,non-threat
YouTube,D9ZRcRIHjo0,,non-threat
YouTube,D9ZRcRIHjo0,big fan rajjab bro big respect for ghazal bhena,non-threat
YouTube,D9ZRcRIHjo0,man volg,non-threat
YouTube,D9ZRcRIHjo0,,non-threat
YouTube,D9ZRcRIHjo0,,non-threat
YouTube,D9ZRcRIHjo0,balu  ke jail sa maa farar,non-threat
YouTube,D9ZRcRIHjo0,love the way dogar not making eye contact with ghazal a hrefhttpswwwyoutubecomwatchvdzrcrihjoampta,non-threat
YouTube,D9ZRcRIHjo0,ma sha allah bhai allah pak ap sbko hmesha hsta muskurata khush o abad aur apne hifz o amaan mn rkhe ameen sum ameen,non-threat
YouTube,D9ZRcRIHjo0,rajab bhai please mumma g,non-threat
YouTube,D9ZRcRIHjo0,good api achi pat ky,non-threat
YouTube,D9ZRcRIHjo0,well come back baji,non-threat
YouTube,D9ZRcRIHjo0,nice vlog,non-threat
YouTube,D9ZRcRIHjo0,one video rajab bhai please birthday wish krde muje please  oct please rajab bhaii,non-threat
YouTube,D9ZRcRIHjo0,,non-threat
YouTube,D9ZRcRIHjo0,,non-threat
YouTube,D9ZRcRIHjo0,very good,non-threat
YouTube,D9ZRcRIHjo0,khush rahyn hamesha ap,non-threat
YouTube,D9ZRcRIHjo0,inshallah first week of oct mai  iphone arha,non-threat
YouTube,D9ZRcRIHjo0,bohat he jahilana lehja hai apka,non-threat
YouTube,D9ZRcRIHjo0,bhen kutta bolta ha bolna do ap khush rho,non-threat
YouTube,D9ZRcRIHjo0,butt sb mera iphone kb ay ga,non-threat
YouTube,D9ZRcRIHjo0,a hrefhttpswwwyoutubecomwatchvdzrcrihjoampta golden worlds,non-threat
YouTube,D9ZRcRIHjo0,mjy rajab but psand hai mgr sister ko vlog me ni laya kry shia hu k,non-threat
YouTube,D9ZRcRIHjo0,buycot ghazal jawaid vlog jin ko psand ni wo vlog dhkna bnd kry,non-threat
YouTube,D9ZRcRIHjo0,,non-threat
YouTube,D9ZRcRIHjo0,ranjan butt i know you give away but i want a gift from you like a brother please give me ps,non-threat
YouTube,D9ZRcRIHjo0,,non-threat
YouTube,D9ZRcRIHjo0,,non-threat
YouTube,D9ZRcRIHjo0,please prank haider,non-threat
YouTube,D9ZRcRIHjo0,rajab bhai mein giveaway mein hun iam your subscriber,non-threat
YouTube,D9ZRcRIHjo0,all my rajab family my birthday  october my,non-threat
YouTube,D9ZRcRIHjo0,plz emotional prank on haider shah,non-threat
YouTube,D9ZRcRIHjo0,nice mare jan,non-threat
YouTube,D9ZRcRIHjo0,a hrefhttpswwwyoutubecomwatchvdzrcrihjoampta too ghazal api ab bhi kisi ko bt krna ka mokka na dain amp baigrati na krooo kohi nhi krai ga bt phla ki trah,non-threat
YouTube,D9ZRcRIHjo0,rajab bhai ap chanal na delete kara please,non-threat
YouTube,D9ZRcRIHjo0,haider prank,non-threat
YouTube,D9ZRcRIHjo0,ghazal diiiiiiiiiii,non-threat
YouTube,D9ZRcRIHjo0,support me rajab family,non-threat
YouTube,D9ZRcRIHjo0,,non-threat
YouTube,D9ZRcRIHjo0,,non-threat
YouTube,D9ZRcRIHjo0,emotional  prank on haider bhai plz,non-threat
YouTube,D9ZRcRIHjo0,bohat acha laga ajj kaa vlog,non-threat
YouTube,D9ZRcRIHjo0,,non-threat
YouTube,D9ZRcRIHjo0,bhai vlog nhi aya,non-threat
YouTube,D9ZRcRIHjo0,best wishes from uk,non-threat
YouTube,D9ZRcRIHjo0,,non-threat
YouTube,D9ZRcRIHjo0,emotional prank on haider please,non-threat
YouTube,D9ZRcRIHjo0,,non-threat
YouTube,D9ZRcRIHjo0,,non-threat
YouTube,D9ZRcRIHjo0,left  minute first comment new vlog of raja family,non-threat
YouTube,D9ZRcRIHjo0,,non-threat
YouTube,D9ZRcRIHjo0,,non-threat
YouTube,D9ZRcRIHjo0,dogs always barks but continue your struggles,non-threat
YouTube,D9ZRcRIHjo0,left  minutes,non-threat
YouTube,D9ZRcRIHjo0,,non-threat
YouTube,D9ZRcRIHjo0,bhi apne vlog ma mera you tube chanel show karo please,non-threat
YouTube,D9ZRcRIHjo0,very nice,non-threat
YouTube,D9ZRcRIHjo0,nice,non-threat
YouTube,D9ZRcRIHjo0,api   vloging karen ham aapke sath hain,non-threat
YouTube,D9ZRcRIHjo0,,non-threat
YouTube,D9ZRcRIHjo0,prank on haider shah,non-threat
YouTube,D9ZRcRIHjo0,ap vlogging na choren lkn atleast  logo ko address dona bnd krden or unse milna bhi,non-threat
YouTube,D9ZRcRIHjo0,,non-threat
YouTube,D9ZRcRIHjo0,,non-threat
YouTube,D9ZRcRIHjo0,alhamdrulla,non-threat
YouTube,D9ZRcRIHjo0,,non-threat
YouTube,D9ZRcRIHjo0,zabrdst vilog good,non-threat
YouTube,D9ZRcRIHjo0,nice vlog,non-threat
YouTube,D9ZRcRIHjo0,you are great,non-threat
YouTube,D9ZRcRIHjo0,,non-threat
YouTube,D9ZRcRIHjo0,love you  bro,non-threat
YouTube,D9ZRcRIHjo0,rajab bhai vlog q nahi haya,non-threat
YouTube,D9ZRcRIHjo0,,non-threat
YouTube,D9ZRcRIHjo0,rajab family plzz spot me,non-threat
YouTube,D9ZRcRIHjo0,phali batt man bhai na kam ki batt ki ha,non-threat
YouTube,D9ZRcRIHjo0,,non-threat
YouTube,D9ZRcRIHjo0,please emotional prank on haider,non-threat
YouTube,D9ZRcRIHjo0,aj mera comment wo like karega jo hazrat muhammad saw ka ummati hoga,non-threat
YouTube,D9ZRcRIHjo0,hello bhai,non-threat
YouTube,D9ZRcRIHjo0,jo hazarat  moumhad salov vali ka umti,non-threat
YouTube,D9ZRcRIHjo0,plz emotional prank on haider please,non-threat
YouTube,D9ZRcRIHjo0,rajab bhai ap iphone  please please monk doda  please please dado,non-threat
YouTube,D9ZRcRIHjo0,,non-threat
YouTube,D9ZRcRIHjo0,i  like your vlog,non-threat
YouTube,D9ZRcRIHjo0,nice,non-threat
YouTube,D9ZRcRIHjo0,you are lucky to have such a supportive family guys,non-threat
YouTube,D9ZRcRIHjo0,,non-threat
YouTube,D9ZRcRIHjo0,rajab bhai you are doing a great job by helping poor peoplemay allah give you courage,non-threat
YouTube,D9ZRcRIHjo0,calista mountains,non-threat
YouTube,D9ZRcRIHjo0,i love rajab butt,non-threat
YouTube,D9ZRcRIHjo0,,non-threat
YouTube,D9ZRcRIHjo0,i love watching your videos and i love watching some vloggers and one is you keep working hard we will support you till end thanks for entrtaining us,non-threat
YouTube,D9ZRcRIHjo0,mashallah beautiful vlog,non-threat
YouTube,D9ZRcRIHjo0,ghazal api ap ganda kutaa logon ka mun na lago ap vlogs start kro logo ko kisi ki taraki sa masla hai,non-threat
YouTube,D9ZRcRIHjo0,rajab bhi multan ma bi iphone de do plzplz plz n,non-threat
YouTube,D9ZRcRIHjo0,like for mazrat muhmad,non-threat
YouTube,D9ZRcRIHjo0,rajab bhai ek iphone mujh dedo  ya itni cash dedo mujhe ami ko umra karwana he agr apko trust nh he to visa laga de umra ki n bht time se apka subscriber hun,non-threat
YouTube,D9ZRcRIHjo0,iove you rajab bhai,non-threat
YouTube,D9ZRcRIHjo0,rajab bhai ek iphone mujh dedo  ya itni cash dedo mujhe ami ko umra karwana he agr apko trust nh he to visa laga de umra ki n bht time se apka subscriber hun,non-threat
YouTube,D9ZRcRIHjo0,jab ke api saudia se a gayi ha,non-threat
YouTube,D9ZRcRIHjo0,amna api vlog me ku nhi ati rajab bhi,non-threat
YouTube,D9ZRcRIHjo0,rajab bhai plz muje dedo iphone,non-threat
YouTube,D9ZRcRIHjo0,aoa dayan bhai,non-threat
YouTube,D9ZRcRIHjo0,rajab ap kay volg baht achy wasy dehkhna shore key laikin baht mazy kay hoty you are the best rajab bhai or maan bhai ko be hum baht pusad karty or ap logo ke dosti sub sy best h ap log asy hi humsha sath rhy,non-threat
YouTube,D9ZRcRIHjo0,haider bhai ky sath prank kary,non-threat
YouTube,D9ZRcRIHjo0,rajab bhai aaj block nahin dala,non-threat
YouTube,D9ZRcRIHjo0,please emotional prank on haider please,non-threat
YouTube,D9ZRcRIHjo0,jis be mera commonty like kiya allah uska naseeb makkah may ho ameen,non-threat
YouTube,D9ZRcRIHjo0,,non-threat
YouTube,D9ZRcRIHjo0,,non-threat
YouTube,D9ZRcRIHjo0,ap na kabi haider ka sath prank ni kia ab prank haider ka sath kurooo jan,non-threat
YouTube,D9ZRcRIHjo0,rajab bahi i need mobile,non-threat
YouTube,D9ZRcRIHjo0,welcome gazal api,non-threat
YouTube,D9ZRcRIHjo0,jahsjkb,non-threat
YouTube,D9ZRcRIHjo0,bhai apky fan lahore ma hi ni ha  bhir bi ha unky ky lye kya ha give away ma,non-threat
YouTube,D9ZRcRIHjo0,,non-threat
YouTube,D9ZRcRIHjo0,bhai please iphone dadana please ma ap ki saal sa video dakh raha hu or yeh buhat sare dil,non-threat
YouTube,D9ZRcRIHjo0,,non-threat
YouTube,D9ZRcRIHjo0,a hrefhttpswwwyoutubecomwatchvdzrcrihjoampta,non-threat
YouTube,D9ZRcRIHjo0,bahi ham ap ka sath ha,non-threat
YouTube,D9ZRcRIHjo0,one like for muhammad saw,non-threat
YouTube,D9ZRcRIHjo0,vote for horror prank on haider or dogar,non-threat
YouTube,D9ZRcRIHjo0,left  min,non-threat
YouTube,D9ZRcRIHjo0,ghazal is very mature,non-threat
YouTube,D9ZRcRIHjo0,left  minute,non-threat
YouTube,D9ZRcRIHjo0,vote for emotional prank on haider sha,non-threat
YouTube,D9ZRcRIHjo0,,non-threat
YouTube,D9ZRcRIHjo0,hi raja d thai,non-threat
YouTube,D9ZRcRIHjo0,sister app logon ka kam hi ha bhonkna app velog banay,non-threat
YouTube,D9ZRcRIHjo0,minute only left volgo rajab bhai,non-threat
YouTube,D9ZRcRIHjo0,fncjh,non-threat
YouTube,D9ZRcRIHjo0,rajab bahi horror prank with haider,non-threat
YouTube,D9ZRcRIHjo0,rajab bhai love your vlogs,non-threat
YouTube,D9ZRcRIHjo0,rajab bhai i am your big fan please  meet up me,non-threat
YouTube,D9ZRcRIHjo0,koi baat nhi api,non-threat
YouTube,D9ZRcRIHjo0,good,non-threat
YouTube,D9ZRcRIHjo0,apna khyal rakhooo,non-threat
YouTube,D9ZRcRIHjo0,wallcome back beati,non-threat
YouTube,D9ZRcRIHjo0,,non-threat
YouTube,D9ZRcRIHjo0,whatever you have done agility  were talent connected camera,non-threat
YouTube,D9ZRcRIHjo0,rajab bhai love you,non-threat
YouTube,D9ZRcRIHjo0,welcome back to gazal api,non-threat
YouTube,D9ZRcRIHjo0,rajab bhai jo sg he  ho sag  ap family na dekao  please  rajab bhai me be ap ka fan hu magar  ap family valogging   na karo please,non-threat
YouTube,D9ZRcRIHjo0,,non-threat
YouTube,D9ZRcRIHjo0,kon kon ye vlog  me dhek raha hai,non-threat
YouTube,D9ZRcRIHjo0,i love you,non-threat
YouTube,D9ZRcRIHjo0,bhai plzzzzzzzzzzz mene apki har video or comnt kia muje chahiye phoneeeeee,non-threat
YouTube,D9ZRcRIHjo0,hy api kia hall ha api ap vlog karo,non-threat
YouTube,D9ZRcRIHjo0,sara masla ka roti ka hai,non-threat
YouTube,D9ZRcRIHjo0,uncle i read in  class plz my papa boht ziada preshan hn hmara sab ghr qarzy py hunka  kam b nhi chal rha hmari fee b nhi pay ho rhi plzzz help my familyhum ap k vilog dakhty hnplz uncle help,non-threat
YouTube,D9ZRcRIHjo0,you are right sister,non-threat
YouTube,D9ZRcRIHjo0,my dear sister  my dear brother god bless you,non-threat
YouTube,D9ZRcRIHjo0,,non-threat
YouTube,D9ZRcRIHjo0,thik ho mere bhai g,non-threat
YouTube,D9ZRcRIHjo0,khy hail ha bhai g,non-threat
YouTube,D9ZRcRIHjo0,,non-threat
YouTube,D9ZRcRIHjo0,,non-threat
YouTube,D9ZRcRIHjo0,well done mantri bhai,non-threat
YouTube,D9ZRcRIHjo0,plzz emotional prank on haider plzzz,non-threat
YouTube,D9ZRcRIHjo0,main ap k vlge  se dhk rah jab ap k k flwr thy,non-threat
YouTube,D9ZRcRIHjo0,ap hm gareebu  kahn iphn dety,non-threat
YouTube,D9ZRcRIHjo0,main ap k vlge start se dhk rah mri pori family dekhti,non-threat
YouTube,D9ZRcRIHjo0,,non-threat
YouTube,D9ZRcRIHjo0,nice velog,non-threat
YouTube,D9ZRcRIHjo0,,non-threat
YouTube,D9ZRcRIHjo0,,non-threat
YouTube,D9ZRcRIHjo0,dond ne ki acting mai kabhi container khabi couch kay pillow kay pechy dond raha hain,non-threat
YouTube,D9ZRcRIHjo0,,non-threat
YouTube,D9ZRcRIHjo0,emotional prank with heider plz,non-threat
YouTube,D9ZRcRIHjo0,emotional prank on haider shah please,non-threat
YouTube,D9ZRcRIHjo0,,non-threat
YouTube,D9ZRcRIHjo0,sarkar ki hal h,non-threat
YouTube,D9ZRcRIHjo0,rajab mein ik vari pakistan aagya teri maa  teri pen  ty tu bachna ni,non-threat
YouTube,D9ZRcRIHjo0,,non-threat
YouTube,D9ZRcRIHjo0,allah pak buri nazr sa bachy ameeen ameeen,non-threat
YouTube,D9ZRcRIHjo0,love,non-threat
YouTube,D9ZRcRIHjo0,,non-threat
YouTube,D9ZRcRIHjo0,ap log plzzz apna kayial kary,non-threat
YouTube,D9ZRcRIHjo0,,non-threat
YouTube,D9ZRcRIHjo0,subscribe krdyna yaroo,non-threat
YouTube,D9ZRcRIHjo0,,non-threat
YouTube,D9ZRcRIHjo0,,non-threat
YouTube,D9ZRcRIHjo0,i love you,non-threat
YouTube,D9ZRcRIHjo0,who love quran,non-threat
YouTube,D9ZRcRIHjo0,aj mera comment wo like karega jo hazrat muhammad saw ka ummati hoga,non-threat
YouTube,D9ZRcRIHjo0,,non-threat
YouTube,D9ZRcRIHjo0,vote for emotional prank on haider,non-threat
YouTube,D9ZRcRIHjo0,love you rajab bai    miss you,non-threat
YouTube,D9ZRcRIHjo0,api gazal ap velog kry,non-threat
YouTube,D9ZRcRIHjo0,a hrefhttpswwwyoutubecomwatchvdzrcrihjoampta ab pta chala bhai ballu jab farar hota hai to kya guzarti hai,non-threat
YouTube,D9ZRcRIHjo0,a hrefhttpswwwyoutubecomwatchvdzrcrihjoampta ab pta chala bhai ballu jab farar hota hai to kya guzarti hai,non-threat
YouTube,D9ZRcRIHjo0,a hrefhttpswwwyoutubecomwatchvdzrcrihjoampta ab pta chala bhai ballu jab farar hota hai to kya guzarti hai,non-threat
YouTube,D9ZRcRIHjo0,we all with you rajaab bhai,non-threat
YouTube,D9ZRcRIHjo0,nice vloge,non-threat
YouTube,D9ZRcRIHjo0,ghazal ko dubta ma he rahna do,non-threat
YouTube,D9ZRcRIHjo0,ya hussain as,non-threat
YouTube,D9ZRcRIHjo0,logo ka to kam hota hy log to kehty rehty hy ap bus khus rahy apni zindgi mein,non-threat
YouTube,D9ZRcRIHjo0,accident prank on dogar bhai,non-threat
YouTube,D9ZRcRIHjo0,i love you bhai,non-threat
YouTube,D9ZRcRIHjo0,prank on dogar bhai,non-threat
YouTube,D9ZRcRIHjo0,,non-threat
YouTube,D9ZRcRIHjo0,i am syedplzzzzzzz gazal api volg bana ly plzz,non-threat
YouTube,D9ZRcRIHjo0,one like hazrat muhammad saw,non-threat
YouTube,D9ZRcRIHjo0,,non-threat
YouTube,D9ZRcRIHjo0,muja da da mobile,non-threat
YouTube,D9ZRcRIHjo0,,non-threat
YouTube,D9ZRcRIHjo0,plzzz emotional prank on haider plzzzzzzzzzzzzzzzzzzzz,non-threat
YouTube,D9ZRcRIHjo0,best vlog,non-threat
YouTube,D9ZRcRIHjo0,i love your rajab bahi,non-threat
YouTube,D9ZRcRIHjo0,gazal aap login karen,non-threat
YouTube,D9ZRcRIHjo0,rajab bhai ap kay jab  k subscriber thay tab say vlog dak rai hu ap bohat achy insan ho jo logo ki help karte ho aj kay dor ma bara ameer zada bi ak rupya nai data kisi ko pir bi ap itni mahnat say pasa kama kar logo ko de date ho ya jo log bunkte hy un ki waja say ap kabi bi pichy na hatna ya srif jal ray hy hasad karte hy  jo fan hy ap kay apne followers ki khtar ap or gazal api apni vlogging jari rako proud of my sabilngs,non-threat
YouTube,D9ZRcRIHjo0,wah rajab wahhhpaise ne andha krdiyaa bicharay ko,non-threat
YouTube,D9ZRcRIHjo0,rajab is such a good person,non-threat
YouTube,D9ZRcRIHjo0,happy pills,non-threat
YouTube,D9ZRcRIHjo0,ma sha allah  ghazal baji ky face py noor,non-threat
YouTube,D9ZRcRIHjo0,may allah help you and live long,non-threat
YouTube,D9ZRcRIHjo0,,non-threat
YouTube,D9ZRcRIHjo0,drama baz khud   din ghr nh hota or aj kiya drama kr raha hai,non-threat
YouTube,D9ZRcRIHjo0,love you rajab family and love you friends,non-threat
YouTube,D9ZRcRIHjo0,rajab bhai is the best vlogger,non-threat
YouTube,D9ZRcRIHjo0,rajab bhai plzzzzz    i am student mera bhot kaaam beshk jonsa mobile dia da,non-threat
YouTube,D9ZRcRIHjo0,please bhai prank on haidar please,non-threat
YouTube,D9ZRcRIHjo0,big fan,non-threat
YouTube,D9ZRcRIHjo0,,non-threat
YouTube,D9ZRcRIHjo0,rajab bhai love u,non-threat
YouTube,D9ZRcRIHjo0,very nice video,non-threat
YouTube,D9ZRcRIHjo0,,non-threat
YouTube,D9ZRcRIHjo0,,non-threat
YouTube,D9ZRcRIHjo0,rajab bhai thanks,non-threat
YouTube,D9ZRcRIHjo0,plzzzz  rajab  bahi  muja  phone  ki  both  zarorat  hai  muja  phone  dy dan  plzzz i am your big fan,non-threat
YouTube,D9ZRcRIHjo0,rab ka khass  banda  jo rab ke bando ki madad karta,non-threat
YouTube,D9ZRcRIHjo0,welcome ghazal api im so happy apny again vloging start kr di ye logo ki to adat hai baqwas krny ki ap in ko dfa kry  hm ap k sath hai,non-threat
YouTube,D9ZRcRIHjo0,,non-threat
YouTube,D9ZRcRIHjo0,big fan sirji lots of love from sindh,non-threat
YouTube,D9ZRcRIHjo0,,non-threat
YouTube,D9ZRcRIHjo0,rajab man haider bhai ap sb ne acha kiya ghazal api ko wapsi vlog karengi good,non-threat
YouTube,D9ZRcRIHjo0,please emotional prank on haider,non-threat
YouTube,D9ZRcRIHjo0,dogar,non-threat
YouTube,D9ZRcRIHjo0,raja bhat iphone  pro max karoge bro inshallah mera naam niklega,non-threat
YouTube,D9ZRcRIHjo0,hi bhai,non-threat
YouTube,D9ZRcRIHjo0,i love rajab family,non-threat
YouTube,D9ZRcRIHjo0,rajab bhai ap hamein bahut aziz hain esy hi kisi fan ki lai gai cheez na khaya karein ho skta hai wo koi hater ho or  khany mein kuch dal ky dia ho,non-threat
YouTube,D9ZRcRIHjo0,bole ite susral ga k pait,non-threat
YouTube,D9ZRcRIHjo0,,non-threat
YouTube,D9ZRcRIHjo0,,non-threat
YouTube,D9ZRcRIHjo0,,non-threat
YouTube,D9ZRcRIHjo0,rajab bhai mujy be  phone please,non-threat
YouTube,D9ZRcRIHjo0,jisne rosting karni hai na rajab ke ghar jaaye ek pure ka banke ok,non-threat
YouTube,D9ZRcRIHjo0,,non-threat
YouTube,D9ZRcRIHjo0,mujja chara nazar ah gaya haa,non-threat
YouTube,D9ZRcRIHjo0,,non-threat
YouTube,D9ZRcRIHjo0,mujja chara nazar ah gaya haa,non-threat
YouTube,D9ZRcRIHjo0,mujja chara nazar ah gaya haa,non-threat
YouTube,D9ZRcRIHjo0,rajab bhai jesus apko buri nazro se bachye or bure lgo se b ameengod bless you and your family rajab bhai,non-threat
YouTube,D9ZRcRIHjo0,,non-threat
YouTube,D9ZRcRIHjo0,finally ghazal is back,non-threat
YouTube,D9ZRcRIHjo0,vote for emotional prank on haider,non-threat
YouTube,D9ZRcRIHjo0,,non-threat
YouTube,D9ZRcRIHjo0,,non-threat
YouTube,D9ZRcRIHjo0,day  of asking  need iphone  from giveaway for vlogging,non-threat
YouTube,D9ZRcRIHjo0,,non-threat
YouTube,D9ZRcRIHjo0,bhai ap apni sister ko kaho dont care other people vo  achi haan duniya ki parva karna chor de  aur ap tou doctar haan isliya strong,non-threat
YouTube,D9ZRcRIHjo0,,non-threat
YouTube,D9ZRcRIHjo0,plz plz plz give me iphone plz plz,non-threat
YouTube,D9ZRcRIHjo0,,non-threat
YouTube,D9ZRcRIHjo0,,non-threat
YouTube,D9ZRcRIHjo0,mashallah,non-threat
YouTube,D9ZRcRIHjo0,please meet with awais please,non-threat
YouTube,D9ZRcRIHjo0,bhai main aapki har video per like comment karta hun please bhai mere ko ek iphone ek  de do please please,non-threat
YouTube,D9ZRcRIHjo0,menu de dena plzzzz,non-threat
YouTube,D9ZRcRIHjo0,love you rajab family,non-threat
YouTube,D9ZRcRIHjo0,hazari lagao rajab family,non-threat
YouTube,D9ZRcRIHjo0,bhai mucha bhi giveaway ma add kar lo,non-threat
YouTube,D9ZRcRIHjo0,,non-threat
YouTube,D9ZRcRIHjo0,love you rajab bhai,non-threat
YouTube,D9ZRcRIHjo0,ktni bgerto wali bat ha apni behn ko bol raha camery k samny any k liye agr us ki aqal sy parda hata ha to phir jahil log usy force krny a gy ha bgerti start krny k in ka qsor nai ha pesy aty ha is k liye ye kpry b utrwa skty ha ye log apni behn betyo k,non-threat
YouTube,D9ZRcRIHjo0,,non-threat
YouTube,D9ZRcRIHjo0,nice video,non-threat
YouTube,D9ZRcRIHjo0,junaid,non-threat
YouTube,D9ZRcRIHjo0,junaid,non-threat
YouTube,D9ZRcRIHjo0,junaid,non-threat
YouTube,D9ZRcRIHjo0,junaid,non-threat
YouTube,D9ZRcRIHjo0,junaid,non-threat
YouTube,D9ZRcRIHjo0,junaid jamshed,non-threat
YouTube,D9ZRcRIHjo0,junaid,non-threat
YouTube,D9ZRcRIHjo0,junaid,non-threat
YouTube,D9ZRcRIHjo0,junaid,non-threat
YouTube,D9ZRcRIHjo0,junaid,non-threat
YouTube,D9ZRcRIHjo0,junaid,non-threat
YouTube,D9ZRcRIHjo0,junaid,non-threat
YouTube,D9ZRcRIHjo0,junaid,non-threat
YouTube,D9ZRcRIHjo0,junaid,non-threat
YouTube,D9ZRcRIHjo0,junaid,non-threat
YouTube,D9ZRcRIHjo0,junaid,non-threat
YouTube,D9ZRcRIHjo0,junaid,non-threat
YouTube,D9ZRcRIHjo0,junaid,non-threat
YouTube,D9ZRcRIHjo0,junaid,non-threat
YouTube,D9ZRcRIHjo0,hamlo g rajab bhai,non-threat
YouTube,D9ZRcRIHjo0,junaid,non-threat
YouTube,D9ZRcRIHjo0,nice dogar bhai,non-threat
YouTube,D9ZRcRIHjo0,tm batain bht kr rhy ho fogi k khandani bnda aurat pr bt ni krta or khandani aurat ka kia km h social media pr o bhai yai batain na hi kro toh bhtr h,non-threat
YouTube,D9ZRcRIHjo0,junaid,non-threat
YouTube,D9ZRcRIHjo0,rajab bhai qila didar singh b aaopleaseeeee,non-threat
YouTube,D9ZRcRIHjo0,bhai  out of city ko bhi considered krna giveaway me please nadeem nani wala cake lg rha tha dogar mantri shb ki birthday pr,non-threat
YouTube,D9ZRcRIHjo0,bhai  out of city ko bhi considered krna giveaway me please nadeem nani wala cake lg rha tha dogar mantri shb ki birthday pr,non-threat
YouTube,D9ZRcRIHjo0,,non-threat
YouTube,D9ZRcRIHjo0,bhai  out of city ko bhi considered krna giveaway me please nadeem nani wala cake lg rha tha dogar mantri shb ki birthday pr,non-threat
YouTube,D9ZRcRIHjo0,bhai  out of city ko bhi considered krna giveaway me please nadeem nani wala cake lg rha tha dogar mantri shb ki birthday pr,non-threat
YouTube,D9ZRcRIHjo0,bhai  out of city ko bhi considered krna giveaway me please nadeem nani wala cake lg rha tha dogar mantri shb ki birthday pr,non-threat
YouTube,D9ZRcRIHjo0,bhai  out of city ko bhi considered krna giveaway me please nadeem nani wala cake lg rha tha dogar mantri shb ki birthday pr,non-threat
YouTube,D9ZRcRIHjo0,bhai  out of city ko bhi considered krna giveaway me please nadeem nani wala cake lg rha tha dogar mantri shb ki birthday pr,non-threat
YouTube,D9ZRcRIHjo0,bhai  out of city ko bhi considered krna giveaway me please nadeem nani wala cake lg rha tha dogar mantri shb ki birthday pr,non-threat
YouTube,D9ZRcRIHjo0,,non-threat
YouTube,D9ZRcRIHjo0,syster no problem aap apna v log shuru karen inshallah allah khair kare,non-threat
YouTube,D9ZRcRIHjo0,love you rajab bhai  kya ap ahle sunnat ko mobile date h,non-threat
YouTube,D9ZRcRIHjo0,love your volg,non-threat
YouTube,D9ZRcRIHjo0,love you bhai,non-threat
YouTube,D9ZRcRIHjo0,rajab bhai giveaway m muje select kary plz  promax muje dy plz rajab bhai,non-threat
YouTube,D9ZRcRIHjo0,ap king ho youtube ke,non-threat
YouTube,D9ZRcRIHjo0,nice vlock,non-threat
YouTube,D9ZRcRIHjo0,ya ali madad,non-threat
YouTube,D9ZRcRIHjo0,rajab bhai aap duniya mein famous ho gaye ho mujhe bhi to famous karo na youtube plz,non-threat
YouTube,D9ZRcRIHjo0,nice,non-threat
YouTube,D9ZRcRIHjo0,rajab bhai op,non-threat
YouTube,D9ZRcRIHjo0,,non-threat
YouTube,D9ZRcRIHjo0,,non-threat
YouTube,D9ZRcRIHjo0,ap sahi kha rahya hain in ko khaya kis ki bt na suna,non-threat
YouTube,D9ZRcRIHjo0,,non-threat
YouTube,D9ZRcRIHjo0,rajab bhie larka ka face nazar a raha hi,non-threat
YouTube,D9ZRcRIHjo0,love your vlogs,non-threat
YouTube,D9ZRcRIHjo0,junaid,non-threat
YouTube,D9ZRcRIHjo0,rajab sis,non-threat
YouTube,D9ZRcRIHjo0,rajab bhai  rupes de do,non-threat
YouTube,D9ZRcRIHjo0,junaid,non-threat
YouTube,D9ZRcRIHjo0,junaid,non-threat
YouTube,D9ZRcRIHjo0,junaid,non-threat
YouTube,D9ZRcRIHjo0,junaid,non-threat
YouTube,D9ZRcRIHjo0,junaid,non-threat
YouTube,D9ZRcRIHjo0,junaid,non-threat
YouTube,D9ZRcRIHjo0,junaid,non-threat
YouTube,D9ZRcRIHjo0,junaid,non-threat
YouTube,D9ZRcRIHjo0,junaid,non-threat
YouTube,D9ZRcRIHjo0,junaid,non-threat
YouTube,D9ZRcRIHjo0,junaid,non-threat
YouTube,D9ZRcRIHjo0,junaid,non-threat
YouTube,D9ZRcRIHjo0,junaid,non-threat
YouTube,D9ZRcRIHjo0,junaid,non-threat
YouTube,D9ZRcRIHjo0,junaid,non-threat
YouTube,D9ZRcRIHjo0,junaid,non-threat
YouTube,D9ZRcRIHjo0,junaid,non-threat
YouTube,D9ZRcRIHjo0,junaid,non-threat
YouTube,D9ZRcRIHjo0,junaid,non-threat
YouTube,D9ZRcRIHjo0,junaid,non-threat
YouTube,D9ZRcRIHjo0,junaid,non-threat
YouTube,D9ZRcRIHjo0,junaid,non-threat
YouTube,D9ZRcRIHjo0,junaid,non-threat
YouTube,D9ZRcRIHjo0,junaid,non-threat
YouTube,D9ZRcRIHjo0,q,non-threat
YouTube,D9ZRcRIHjo0,rajab bhie vlog nhie chore,non-threat
YouTube,D9ZRcRIHjo0,,non-threat
YouTube,D9ZRcRIHjo0,,non-threat
YouTube,D9ZRcRIHjo0,,non-threat
YouTube,D9ZRcRIHjo0,junaid,non-threat
YouTube,D9ZRcRIHjo0,give one iphone,non-threat
YouTube,D9ZRcRIHjo0,junaid,non-threat
YouTube,D9ZRcRIHjo0,junaid,non-threat
YouTube,D9ZRcRIHjo0,junaid,non-threat
YouTube,D9ZRcRIHjo0,junaid,non-threat
YouTube,D9ZRcRIHjo0,junaid,non-threat
YouTube,D9ZRcRIHjo0,junaid,non-threat
YouTube,D9ZRcRIHjo0,junaid,non-threat
YouTube,D9ZRcRIHjo0,junaid,non-threat
YouTube,D9ZRcRIHjo0,junaid,non-threat
YouTube,D9ZRcRIHjo0,junaid,non-threat
YouTube,D9ZRcRIHjo0,junaid,non-threat
YouTube,D9ZRcRIHjo0,junaid,non-threat
YouTube,D9ZRcRIHjo0,junaid,non-threat
YouTube,D9ZRcRIHjo0,junaid,non-threat
YouTube,D9ZRcRIHjo0,junaid,non-threat
YouTube,D9ZRcRIHjo0,junaid,non-threat
YouTube,D9ZRcRIHjo0,junaid,non-threat
YouTube,D9ZRcRIHjo0,junaid,non-threat
YouTube,D9ZRcRIHjo0,junaid,non-threat
YouTube,D9ZRcRIHjo0,junaid,non-threat
YouTube,D9ZRcRIHjo0,junaid,non-threat
YouTube,D9ZRcRIHjo0,junaid,non-threat
YouTube,D9ZRcRIHjo0,junaid,non-threat
YouTube,D9ZRcRIHjo0,junaid,non-threat
YouTube,D9ZRcRIHjo0,please emotional prank on haider please,non-threat
YouTube,D9ZRcRIHjo0,junaid,non-threat
YouTube,D9ZRcRIHjo0,junaid,non-threat
YouTube,D9ZRcRIHjo0,junaid,non-threat
YouTube,D9ZRcRIHjo0,love you bro,non-threat
YouTube,D9ZRcRIHjo0,,non-threat
YouTube,D9ZRcRIHjo0,,non-threat
YouTube,D9ZRcRIHjo0,love you,non-threat
YouTube,D9ZRcRIHjo0,big fan,non-threat
YouTube,D9ZRcRIHjo0,gazal api wellcome,non-threat
YouTube,D9ZRcRIHjo0,nice rajab bhi,non-threat
YouTube,D9ZRcRIHjo0,,non-threat
YouTube,D9ZRcRIHjo0,very beautiful velog,non-threat
YouTube,D9ZRcRIHjo0,good vlog,non-threat
YouTube,D9ZRcRIHjo0,love you rajab bhai,non-threat
YouTube,D9ZRcRIHjo0,,non-threat
YouTube,D9ZRcRIHjo0,please give me tablet,non-threat
YouTube,D9ZRcRIHjo0,please give me tablet,non-threat
YouTube,D9ZRcRIHjo0,i love your vlog rajab brother,non-threat
YouTube,D9ZRcRIHjo0,mashallah,non-threat
YouTube,D9ZRcRIHjo0,op rajab im,non-threat
YouTube,D9ZRcRIHjo0,gazal,non-threat
YouTube,D9ZRcRIHjo0,malika aryan ko milna tha,non-threat
YouTube,D9ZRcRIHjo0,prank on haider,non-threat
YouTube,D9ZRcRIHjo0,please rajab bhai give me new mobile,non-threat
YouTube,D9ZRcRIHjo0,,non-threat
YouTube,D9ZRcRIHjo0,a hrefhttpswwwyoutubecomwatchvdzrcrihjoampta kisi ko samjana b bht hota ha,non-threat
YouTube,D9ZRcRIHjo0,ghazal api aap kuch logon ki wajah se vloging na chore i love your vlogs  rajab family,non-threat
YouTube,D9ZRcRIHjo0,i want a ipad with pen,non-threat
YouTube,D9ZRcRIHjo0,im your biggest biggest fan i want ipad with pen,non-threat
YouTube,D9ZRcRIHjo0,i want a bed with ben  generation with pen on your big fan,non-threat
YouTube,D9ZRcRIHjo0,plzzzzzzzzzzzzzzzzzzzzzzzzzzzz emotional prank haider shah,non-threat
YouTube,D9ZRcRIHjo0,giveaway in hazro,non-threat
YouTube,D9ZRcRIHjo0,thanks rajab bhai ap key zaujay say gazal api nay vloga banana shoaro kar dey,non-threat
YouTube,D9ZRcRIHjo0,,non-threat
YouTube,D9ZRcRIHjo0,big fan of,non-threat
YouTube,D9ZRcRIHjo0,i love,non-threat
YouTube,D9ZRcRIHjo0,aoa rajjab butt shib mubarak ho gazal api,non-threat
YouTube,D9ZRcRIHjo0,hazart muhammad one like please,non-threat
YouTube,D9ZRcRIHjo0,what a sister brother love,non-threat
YouTube,D9ZRcRIHjo0,,non-threat
YouTube,D9ZRcRIHjo0,,non-threat
YouTube,D9ZRcRIHjo0,zindabad doger,non-threat
YouTube,D9ZRcRIHjo0,irritating for  hours pranks dogar,non-threat
YouTube,D9ZRcRIHjo0,na khaya krain bhai kisi ny b dia hua khana kala jadu bht aam hai be careful ful allha apko apni hufazat main rakhy,non-threat
YouTube,D9ZRcRIHjo0,gsj,non-threat
YouTube,D9ZRcRIHjo0,,non-threat
YouTube,D9ZRcRIHjo0,,non-threat
YouTube,D9ZRcRIHjo0,rajab bhai mane apse iphone  pro max lena hai her hal mai apne muje lazmi dena hai muje apse bari umaad hai mera yakin na toriya ga app logon ki boht madad krte hain mai apse inspire hoke vloging start kr rhi hun mai iphone afford ni krti mujy bari umeed hai please marium from pakpattan,non-threat
YouTube,D9ZRcRIHjo0,jo kutty bhonkty hain unhy bhonk nay dy hum ap ky sath hain hemesha my liay,non-threat
YouTube,D9ZRcRIHjo0,,non-threat
YouTube,D9ZRcRIHjo0,thanks for  subscribers,non-threat
YouTube,D9ZRcRIHjo0,chota rajab,non-threat
YouTube,D9ZRcRIHjo0,no offense to anyone but isnt that ajeeb k aik bhai aor husband apni behn aor wife ka parda yt k liya apny hatho sy  zbrdsti otar rahy hain ya phr ya views ka chkr h ajeeb bat hai pakistan k most watched mostly youtubers apni maa behn k sth khuch b kr skty for views mai tu kehta hon k aoo   jo family vloggers hain on k sth bethta  hon aor dekhna inshallah allah ki madad sy family vlogging quiet krwao ga ha kisi mao dam tu aoo bhai m waiting  u guys,non-threat
YouTube,D9ZRcRIHjo0,bolne ki tameez hai ny rajab ko,non-threat
YouTube,D9ZRcRIHjo0,mana rajabb bahi ko jab k subscriber tha tab ka folooow mara hua ha or bahria b bahi ke khatir shift hua lakin bahi nahi milaa abi tak,non-threat
YouTube,D9ZRcRIHjo0,who loves rajab butt,non-threat
YouTube,D9ZRcRIHjo0,aoa sister c kahe logo ki bato ko mind nahi karte un k kam bolna ha ignore and delete themgo forwarddont consider them,non-threat
YouTube,D9ZRcRIHjo0,haider prank,non-threat
YouTube,D9ZRcRIHjo0,,non-threat
YouTube,D9ZRcRIHjo0,biology mein kam hogi mein rahata hun mere pass mobile nahin hai please mujhe chahe aap koi samsung ya vivo ka hi de de please a hrefhttpswwwyoutubecomwatchvdzrcrihjoampta jab janwar mili maine aapko mama ke mobile se dekhta hun papa ke aur aapko sab sahi kiya hua hai maine aapko bhi press kiya hua hai,non-threat
YouTube,D9ZRcRIHjo0,stay blessed,non-threat
YouTube,D9ZRcRIHjo0,,non-threat
YouTube,D9ZRcRIHjo0,,non-threat
YouTube,D9ZRcRIHjo0,,non-threat
YouTube,D9ZRcRIHjo0,,non-threat
YouTube,D9ZRcRIHjo0,hi me,non-threat
YouTube,D9ZRcRIHjo0,,non-threat
YouTube,D9ZRcRIHjo0,mashallah very nice,non-threat
YouTube,D9ZRcRIHjo0,rajab bhai maan bhai ki koi family nhi hai,non-threat
YouTube,D9ZRcRIHjo0,bahi i love you ap mari jan ho rajab bahi,non-threat
YouTube,D9ZRcRIHjo0,rajab family vlogs  rajab bhai please not quite youtube hum viran ho jayn gy  gnty intazar ky bad ap ka vlog dahny ko milta ha  please not quite youtube but milna band kr dyn ya log deserve hi nhi karty jis tra sab youtuber krty hain os tra karyn taky in logo ko qadar ho,non-threat
YouTube,D9ZRcRIHjo0,mama ko dordre hai ya ghari kichabi dondrehai,non-threat
YouTube,D9ZRcRIHjo0,,non-threat
YouTube,D9ZRcRIHjo0,thanks for no support,non-threat
YouTube,D9ZRcRIHjo0,,non-threat
YouTube,D9ZRcRIHjo0,rajab bhai aap motivation hain,non-threat
YouTube,D9ZRcRIHjo0,haider ki value kahatam hogi h rajab sy ab nadeem nani wala h,non-threat
YouTube,D9ZRcRIHjo0,love you friends,non-threat
YouTube,D9ZRcRIHjo0,adanali,non-threat
YouTube,D9ZRcRIHjo0,big fan rajab bhai,non-threat
YouTube,D9ZRcRIHjo0,love you rajab bhai,non-threat
YouTube,D9ZRcRIHjo0,,non-threat
YouTube,D9ZRcRIHjo0,love you rajab family,non-threat
YouTube,D9ZRcRIHjo0,nice,non-threat
YouTube,D9ZRcRIHjo0,emotional prank with haider bhai,non-threat
YouTube,D9ZRcRIHjo0,ghazal api ap ko vloging nhi chorni chy,non-threat
YouTube,D9ZRcRIHjo0,,non-threat
YouTube,D9ZRcRIHjo0,raja bhai aap gazal abhi se kahe ke block banana start kar de varna ham aapko like subscribe nahin karenge,non-threat
YouTube,D9ZRcRIHjo0,love you rajab,non-threat
YouTube,D9ZRcRIHjo0,,non-threat
YouTube,D9ZRcRIHjo0,being sunni,non-threat
YouTube,D9ZRcRIHjo0,rajab bahi mere api ko kis nay koch kha ko sa shar sa batt ke ha api,non-threat
YouTube,D9ZRcRIHjo0,,non-threat
YouTube,D9ZRcRIHjo0,vip,non-threat
YouTube,D9ZRcRIHjo0,,non-threat
YouTube,D9ZRcRIHjo0,jb b apko moka milay peshawar chakar lagana main inshallah apko welcome kroga,non-threat
YouTube,D9ZRcRIHjo0,great vlogger rajab bhai jaan first vlogger pakistan rajab family,non-threat
YouTube,D9ZRcRIHjo0,chill kro ghazal,non-threat
YouTube,D9ZRcRIHjo0,,non-threat
YouTube,D9ZRcRIHjo0,stay blessed,non-threat
YouTube,D9ZRcRIHjo0,rajab bhi please prank,non-threat
YouTube,D9ZRcRIHjo0,,non-threat
YouTube,D9ZRcRIHjo0,good bro,non-threat
YouTube,D9ZRcRIHjo0,,non-threat
YouTube,D9ZRcRIHjo0,,non-threat
YouTube,D9ZRcRIHjo0,,non-threat
YouTube,D9ZRcRIHjo0,behn ko dunia ko dkha k vlogging chl rhe begairti ha full tm logo k andr doger haider r jhangir apni families ku ni lty smny ku k wo begairat ni ha teri trah,non-threat
YouTube,D9ZRcRIHjo0,,non-threat
YouTube,D9ZRcRIHjo0,please rajab bhai aider par emotional prank kra please,non-threat
YouTube,D9ZRcRIHjo0,muje umera karna ka butttttttttttttt zaida shoq ha ap sb dua karou muje allah pak umera karna ki sadat naseeb farmay ameeen,non-threat
YouTube,D9ZRcRIHjo0,,non-threat
YouTube,D9ZRcRIHjo0,,non-threat
YouTube,D9ZRcRIHjo0,love you bhai rajab,non-threat
YouTube,D9ZRcRIHjo0,where is binomo,non-threat
YouTube,D9ZRcRIHjo0,begairat family,non-threat
YouTube,D9ZRcRIHjo0,rajab,non-threat
YouTube,D9ZRcRIHjo0,,non-threat
YouTube,D9ZRcRIHjo0,,non-threat
YouTube,D9ZRcRIHjo0,love you my ustad,non-threat
YouTube,D9ZRcRIHjo0,ok,non-threat
YouTube,D9ZRcRIHjo0,,non-threat
YouTube,D9ZRcRIHjo0,king vologer,non-threat
YouTube,D9ZRcRIHjo0,best video,non-threat
YouTube,D9ZRcRIHjo0,rajab bhai pleas mare ko do iphone  pro,non-threat
YouTube,D9ZRcRIHjo0,allah pak ap sb ko hmsha khush rkhaa ameen,non-threat
YouTube,D9ZRcRIHjo0,nice bhai,non-threat
YouTube,D9ZRcRIHjo0,,non-threat
YouTube,D9ZRcRIHjo0,haider on prank,non-threat
YouTube,D9ZRcRIHjo0,rajab bai yawr yae koi b banda khana laye na khaya kro plz bs,non-threat
YouTube,D9ZRcRIHjo0,raj bhi plz aik vlog english language m kary,non-threat
YouTube,D9ZRcRIHjo0,jahil qoum ke jahil youtubers apni behan ko khud kehta ha ke logo ko apna tuh aur muh dikhao for views and money shame on you,non-threat
YouTube,D9ZRcRIHjo0,accident prank on mama,non-threat
YouTube,D9ZRcRIHjo0,ap ny bht acha kam kiya bhai ap gazal sister ko wapis ly k aiay hainr hmara koi right nhi h k hm kidi ki b bhn beati ko os k kam krny py galat khain jb gazal sister to bht respect able kam krti hainluv u sister,non-threat
YouTube,D9ZRcRIHjo0,rajab bhai larki ya ko be yaad raka please,non-threat
YouTube,D9ZRcRIHjo0,,non-threat
YouTube,D9ZRcRIHjo0,plz,non-threat
YouTube,D9ZRcRIHjo0,raja bhai aapki help chahie plz,non-threat
YouTube,D9ZRcRIHjo0,bhai,non-threat
YouTube,D9ZRcRIHjo0,yarr bhai ko support karien,non-threat
YouTube,D9ZRcRIHjo0,hlo,non-threat
YouTube,D9ZRcRIHjo0,,non-threat
YouTube,D9ZRcRIHjo0,,non-threat
YouTube,D9ZRcRIHjo0,give aya ka,non-threat
YouTube,D9ZRcRIHjo0,bhi plzz ak mobile muja da do,non-threat
YouTube,D9ZRcRIHjo0,shukar ha gazal api vlog nahi kar rahi,non-threat
YouTube,D9ZRcRIHjo0,ghazal api please vlog na karo please,non-threat
YouTube,D9ZRcRIHjo0,mola hifzo aman me rkhy all rajab ali family ko ameen,non-threat
YouTube,D9ZRcRIHjo0,mola hifzo aman me rkhy all rajab ali family ko ameen,non-threat
YouTube,D9ZRcRIHjo0,api ny bilkul sai kaha ha waisy logo ko sharm nai ani ap lago ki bato ma mat aye ap apna kam cantinue rakhy allah ap ky kam ma barket daly or rajab bhai ky bh,non-threat
YouTube,D9ZRcRIHjo0,give way,non-threat
YouTube,D9ZRcRIHjo0,who hate anas dogi,non-threat
YouTube,D9ZRcRIHjo0,nice video,non-threat
YouTube,D9ZRcRIHjo0,,non-threat
YouTube,D9ZRcRIHjo0,,non-threat
YouTube,D9ZRcRIHjo0,do prank on doger,non-threat
YouTube,D9ZRcRIHjo0,,non-threat
YouTube,D9ZRcRIHjo0,haider bhai ka sath emotional prank karo,non-threat
YouTube,D9ZRcRIHjo0,hi bhai kya hall ha,non-threat
YouTube,D9ZRcRIHjo0,rajab bhi,non-threat
YouTube,D9ZRcRIHjo0,hello,non-threat
YouTube,D9ZRcRIHjo0,,non-threat
YouTube,D9ZRcRIHjo0,chadr aurat ki zinat ha,non-threat
YouTube,D9ZRcRIHjo0,phir ap lgon k bolty h kun krty h esa wesa,non-threat
YouTube,D9ZRcRIHjo0,bhai apne apni zindgi khud mushkil ki ha ap khud hi apna address chilla chilla k btaty h,non-threat
YouTube,D9ZRcRIHjo0,emotional prank on haider shah,non-threat
YouTube,D9ZRcRIHjo0,phone number,non-threat
YouTube,D9ZRcRIHjo0,,non-threat
YouTube,D9ZRcRIHjo0,,non-threat
YouTube,D9ZRcRIHjo0,rajabs family is the best family ever may allah protect him and his family from evil eyes,non-threat
YouTube,D9ZRcRIHjo0,prank on haider,non-threat
YouTube,D9ZRcRIHjo0,rajab bhai haider prank please please please please,non-threat
YouTube,D9ZRcRIHjo0,love you rajab family,non-threat
YouTube,D9ZRcRIHjo0,fsd,non-threat
YouTube,D9ZRcRIHjo0,yaar please emaan api k sath emotional prank kry,non-threat
YouTube,D9ZRcRIHjo0,lets vote for ghazal jawad back on youtube,non-threat
YouTube,D9ZRcRIHjo0,,non-threat
YouTube,D9ZRcRIHjo0,mantari ke sath hua prank,non-threat
YouTube,D9ZRcRIHjo0,api asa na karo please upload karo please,non-threat
YouTube,D9ZRcRIHjo0,man bhai thake ha,non-threat
YouTube,D9ZRcRIHjo0,man bhai thake ha,non-threat
YouTube,D9ZRcRIHjo0,man bhai thake ha,non-threat
YouTube,D9ZRcRIHjo0,man bhai thake ha,non-threat
YouTube,D9ZRcRIHjo0,,non-threat
YouTube,D9ZRcRIHjo0,kry hal ga rajab balu,non-threat
YouTube,D9ZRcRIHjo0,kry hal ga rajab balu,non-threat
YouTube,D9ZRcRIHjo0,kry hal ga rajab balu,non-threat
YouTube,D9ZRcRIHjo0,i   love  gazal api,non-threat
YouTube,D9ZRcRIHjo0,haha dogar or haider family vlogging ko defend kr rhy  itni hi achi hai tu haider or dogar apni families le k aye,non-threat
YouTube,D9ZRcRIHjo0,mashallah,non-threat
YouTube,D9ZRcRIHjo0,plz emotional prank on haider,non-threat
YouTube,D9ZRcRIHjo0,masha allah s mjhe dogar s batein bhot achiiii lgiiii,non-threat
YouTube,D9ZRcRIHjo0,mashallah love you rajab bai,non-threat
YouTube,D9ZRcRIHjo0,love you bhai,non-threat
YouTube,D9ZRcRIHjo0,one like for muhammad saw,non-threat
YouTube,D9ZRcRIHjo0,pleas emotional prank haider,non-threat
YouTube,D9ZRcRIHjo0,nice baro,non-threat
YouTube,D9ZRcRIHjo0,rajab bhi is nice,non-threat
YouTube,D9ZRcRIHjo0,sad,non-threat
YouTube,D9ZRcRIHjo0,ghazal se bara kon rajib ha kay ghazal ga im,non-threat
YouTube,D9ZRcRIHjo0,,non-threat
YouTube,D9ZRcRIHjo0,butt sahb puri youtube per only i love you truck bhar k,non-threat
YouTube,D9ZRcRIHjo0,nice vloge my kafi bar kaha hy apko k vloge my sirf mera nam ly kr mughy or mere ghr avalon ko dua dijiey plzzap reply e ni dety   but i like u,non-threat
YouTube,D9ZRcRIHjo0,,non-threat
YouTube,D9ZRcRIHjo0,logo ko dfa kro kisi bat na suno please,non-threat
YouTube,D9ZRcRIHjo0,bhi  love you,non-threat
YouTube,D9ZRcRIHjo0,doger ko house  gift karoo plz lpz,non-threat
YouTube,D9ZRcRIHjo0,love you  rajjab bhai love you man dogar,non-threat
YouTube,D9ZRcRIHjo0,rajab bhi mujhe aik phone dy dy,non-threat
YouTube,D9ZRcRIHjo0,bahi shoutout deden plz  bahi gaming chanal he  baki i love  you,non-threat
YouTube,D9ZRcRIHjo0,ma doger ki fan ho,non-threat
YouTube,D9ZRcRIHjo0,,non-threat
YouTube,D9ZRcRIHjo0,,non-threat
YouTube,D9ZRcRIHjo0,,non-threat
YouTube,D9ZRcRIHjo0,emotional prank on haider,non-threat
YouTube,D9ZRcRIHjo0,please emotional prank on haider please,non-threat
YouTube,D9ZRcRIHjo0,rajab bhai you good,non-threat
YouTube,D9ZRcRIHjo0,allah ap sb ki mushkilaat khtm kryn or asaaniya paida kry,non-threat
YouTube,D9ZRcRIHjo0,i love eman personality,non-threat
YouTube,D9ZRcRIHjo0,shukar hai gahzal api youtube pe wapas aye hai,non-threat
YouTube,D9ZRcRIHjo0,,non-threat
YouTube,D9ZRcRIHjo0,rajab bhai nam bhai thik kah rha hai ase bhe log hoty hain,non-threat
YouTube,D9ZRcRIHjo0,mere bahin agnoor kro sab ko ap rajab bhai ke bahin ho hamari bahin ho,non-threat
YouTube,D9ZRcRIHjo0,bhaiii kabi dharampura he chakar laga lo love from dharampura lahore,non-threat
YouTube,D9ZRcRIHjo0,beautiful  bhai,non-threat
YouTube,D9ZRcRIHjo0,i love u,non-threat
YouTube,D9ZRcRIHjo0,rajab love you,non-threat
YouTube,D9ZRcRIHjo0,rajab bhai ap humari city main nhi aate ap sirf lhr main hi phone giveaway kr dete hn,non-threat
YouTube,D9ZRcRIHjo0,,non-threat
YouTube,D9ZRcRIHjo0,thank u gazalaap hi,non-threat
YouTube,D9ZRcRIHjo0,,non-threat
YouTube,D9ZRcRIHjo0,,non-threat
YouTube,D9ZRcRIHjo0,emotional prank with snap shah pls pls,non-threat
YouTube,D9ZRcRIHjo0,allah ap ko koshas raky allah ap ke zandage  lambi kary ap greab loogo ke madath kary hay,non-threat
YouTube,D9ZRcRIHjo0,aap  ka har vilog bohot acha hai mai aap ka har vilog dekhta hu,non-threat
YouTube,D9ZRcRIHjo0,mama ko kahan kahan dhund rahay thay rajab bhai,non-threat
YouTube,D9ZRcRIHjo0,love you bro,non-threat
YouTube,D9ZRcRIHjo0,,non-threat
YouTube,D9ZRcRIHjo0,hi,non-threat
YouTube,D9ZRcRIHjo0,muzammil shah,non-threat
YouTube,D9ZRcRIHjo0,iphone plz,non-threat
YouTube,D9ZRcRIHjo0,vloging nhe chorna but usko bi nhe chorna jisne fariging ki h,non-threat
YouTube,D9ZRcRIHjo0,emotional prank on haider plzz,non-threat
YouTube,D9ZRcRIHjo0,,non-threat
YouTube,D9ZRcRIHjo0,love you,non-threat
YouTube,D9ZRcRIHjo0,please emotional prank on haidar pleasa,non-threat
YouTube,D9ZRcRIHjo0,right gazal  sis,non-threat
YouTube,D9ZRcRIHjo0,nikal,non-threat
YouTube,D9ZRcRIHjo0,dogar is the great prson,non-threat
YouTube,D9ZRcRIHjo0,rajab bhi mama k sat gussa nhi kiya kro plz  on ko be enjoy kr n do,non-threat
YouTube,D9ZRcRIHjo0,plz phone is me bhai,non-threat
YouTube,D9ZRcRIHjo0,done,non-threat
YouTube,D9ZRcRIHjo0,emotional prank haider,non-threat
YouTube,D9ZRcRIHjo0,phly ap khud k sai kr apni kuch chizn k private rkhen,non-threat
YouTube,D9ZRcRIHjo0,rajab bhai sargodha ma be giveaway kar dena,non-threat
YouTube,D9ZRcRIHjo0,a hrefhttpswwwyoutubecomwatchvdzrcrihjoampta,non-threat
YouTube,D9ZRcRIHjo0,rajab bhai jan hai ap,non-threat
YouTube,D9ZRcRIHjo0,lets vote for maan dogar room renovation,non-threat
YouTube,D9ZRcRIHjo0,bro its not good to ask your dad to bring breakfast for you  he is not your servant please treat him as you dad,non-threat
YouTube,D9ZRcRIHjo0,i love you too bhai,non-threat
YouTube,D9ZRcRIHjo0,rajab,non-threat
YouTube,D9ZRcRIHjo0,i really like your vlog rajab bhai,non-threat
YouTube,D9ZRcRIHjo0,please vote for emotional prank with haider bhai,non-threat
YouTube,D9ZRcRIHjo0,good bro ap na jo eman bhabi ko mana leya,non-threat
YouTube,D9ZRcRIHjo0,vilog cam back gazal app,non-threat
YouTube,D9ZRcRIHjo0,rajab bhai zindabad,non-threat
YouTube,D9ZRcRIHjo0,,non-threat
YouTube,D9ZRcRIHjo0,shukr a gazal api waps a gi sowweet api ap hum sa q naraz a yar,non-threat
YouTube,D9ZRcRIHjo0,haye aj humri ami chor ka islamabad chali gi mama ka dalok kamal haye mama love you,non-threat
YouTube,D9ZRcRIHjo0,gazal baji plz dont mind wase ap sir par dupatta hmesha rkha kren mashaallah,non-threat
YouTube,D9ZRcRIHjo0,please emotional prank on haider plz plz,non-threat
YouTube,D9ZRcRIHjo0,prank  on  haider,non-threat
YouTube,D9ZRcRIHjo0,app,non-threat
YouTube,D9ZRcRIHjo0,good bother,non-threat
YouTube,D9ZRcRIHjo0,lets vote for emotional prank on haider please,non-threat
YouTube,D9ZRcRIHjo0,gazal api very good keep it up,non-threat
YouTube,D9ZRcRIHjo0,,non-threat
YouTube,D9ZRcRIHjo0,,non-threat
YouTube,D9ZRcRIHjo0,plzzzzz bhaiiiiii,non-threat
YouTube,D9ZRcRIHjo0,rajab bhai app vloging na chorna plz,non-threat
YouTube,D9ZRcRIHjo0,rajab bhai mujhy b help chiye ap k plzzz,non-threat
YouTube,D9ZRcRIHjo0,,non-threat
YouTube,D9ZRcRIHjo0,rajab bhai volg,non-threat
YouTube,D9ZRcRIHjo0,,non-threat
YouTube,D9ZRcRIHjo0,sorry,non-threat
YouTube,D9ZRcRIHjo0,sargodha,non-threat
YouTube,D9ZRcRIHjo0,nice  jan,non-threat
YouTube,D9ZRcRIHjo0,farhan aslam vlog,non-threat
YouTube,D9ZRcRIHjo0,nice,non-threat
YouTube,D9ZRcRIHjo0,mashallah,non-threat
YouTube,D9ZRcRIHjo0,,non-threat
YouTube,D9ZRcRIHjo0,,non-threat
YouTube,D9ZRcRIHjo0,ghazal baji to bahut acchi hai inhen block karna chahie,non-threat
YouTube,D9ZRcRIHjo0,hyyy,non-threat
YouTube,D9ZRcRIHjo0,ma khana khaty huway apka dkhti bqya sharing wala koi ha ni warna krdti akeli hu bs ek motherfather ni,non-threat
YouTube,D9ZRcRIHjo0,i love gazal api,non-threat
YouTube,D9ZRcRIHjo0,day one of requesting iphone,non-threat
YouTube,D9ZRcRIHjo0,rajab bhai brand haro love you,non-threat
YouTube,D9ZRcRIHjo0,,non-threat
YouTube,D9ZRcRIHjo0,rajab bhai,non-threat
YouTube,D9ZRcRIHjo0,emotional prank on haider shah,non-threat
YouTube,D9ZRcRIHjo0,ghazal appi allah apko khush rakhy allah apko chand saa beta dy jab apko apky bhai ki owr husband ki ijazat hn youtube par any ki tu app aisy gandy logo par focus na kary plzz stay calm relax  and keep hard work,non-threat
YouTube,D9ZRcRIHjo0,ghazal appi i totally agreed and satisfied with ur golden words but thanks alot you are come back ghazl api you are my inspiration,non-threat
YouTube,D9ZRcRIHjo0,rajab bhai is brand,non-threat
YouTube,D9ZRcRIHjo0,duniya ka daaromidar ikhtilaf raay pr hai,non-threat
YouTube,D9ZRcRIHjo0,volgeing ni chordi bhi plz,non-threat
YouTube,D9ZRcRIHjo0,i am old subscriber and plz give me i phone plz,non-threat
YouTube,D9ZRcRIHjo0,tend wala idea acha haii,non-threat
YouTube,D9ZRcRIHjo0,,non-threat
YouTube,D9ZRcRIHjo0,bhai ap sub log rajab bhai sat galat kar rahay ho rajab bhai ap sirf aik coll karay hum ap kay pass,non-threat
YouTube,D9ZRcRIHjo0,,non-threat
YouTube,D9ZRcRIHjo0,love you rajab bhai,non-threat
YouTube,D9ZRcRIHjo0,iphone  pro max,non-threat
YouTube,D9ZRcRIHjo0,bhai haider bhai sat prank karo,non-threat
YouTube,D9ZRcRIHjo0,ab  imam k nam k  msg kr dye h ab k hawalye rajab familye,non-threat
YouTube,D9ZRcRIHjo0,mubarak ho sub ko gazal api si back,non-threat
YouTube,D9ZRcRIHjo0,ap tu bht brave han,non-threat
YouTube,D9ZRcRIHjo0,com com api gazal,non-threat
YouTube,D9ZRcRIHjo0,ghazal api wpis a gai heyyy,non-threat
YouTube,D9ZRcRIHjo0,emotional prank on shajee,non-threat
YouTube,D9ZRcRIHjo0,rajab butt i am ur big fannnn  one i phone for me,non-threat
YouTube,D9ZRcRIHjo0,one iphone for me,non-threat
YouTube,D9ZRcRIHjo0,rajab family,non-threat
YouTube,D9ZRcRIHjo0,over acting butt,non-threat
YouTube,D9ZRcRIHjo0,,non-threat
YouTube,D9ZRcRIHjo0,,non-threat
YouTube,D9ZRcRIHjo0,hi please mention my id i really need it m fallower,non-threat
YouTube,D9ZRcRIHjo0,,non-threat
YouTube,D9ZRcRIHjo0,,non-threat
YouTube,D9ZRcRIHjo0,gazal api welcome,non-threat
YouTube,D9ZRcRIHjo0,,non-threat
YouTube,D9ZRcRIHjo0,rajab bhai jan your great person,non-threat
YouTube,D9ZRcRIHjo0,haider ka sth emotional prank karo,non-threat
YouTube,D9ZRcRIHjo0,happy family masha allah,non-threat
YouTube,D9ZRcRIHjo0,bhai ma ap sa malna chata huu please,non-threat
YouTube,D9ZRcRIHjo0,love you rajab bahi,non-threat
YouTube,D9ZRcRIHjo0,han blcl mola ali ka farman parday k baray main bta dain,non-threat
YouTube,D9ZRcRIHjo0,rajab bhai love you,non-threat
YouTube,D9ZRcRIHjo0,sargodha,non-threat
YouTube,D9ZRcRIHjo0,a hrefhttpswwwyoutubecomwatchvdzrcrihjoampta,non-threat
YouTube,D9ZRcRIHjo0,sargodha,non-threat
YouTube,D9ZRcRIHjo0,sargodha,non-threat
YouTube,D9ZRcRIHjo0,sargodha,non-threat
YouTube,D9ZRcRIHjo0,,non-threat
YouTube,D9ZRcRIHjo0,sargodha,non-threat
YouTube,D9ZRcRIHjo0,badmashi na das ksma mera na talha h jhelum witch randa wan mard bn to samna aa,non-threat
YouTube,D9ZRcRIHjo0,emotional prank on haider bhai,non-threat
YouTube,D9ZRcRIHjo0,rajab bhai,non-threat
YouTube,D9ZRcRIHjo0,,non-threat
YouTube,D9ZRcRIHjo0,ap sab bht achye lgtye hn akhtye,non-threat
YouTube,D9ZRcRIHjo0,gahzal api plz welcom,non-threat
YouTube,D9ZRcRIHjo0,bibi pak ap ka maam r prdda salmat rukhooo,non-threat
YouTube,D9ZRcRIHjo0,api apna dil chuta ni kro,non-threat
YouTube,D9ZRcRIHjo0,yhn sab wakat k zaeed h ino ne tu ahlbat ko ni chora,non-threat
YouTube,D9ZRcRIHjo0,koylton kam kam ha bohnkna,non-threat
YouTube,D9ZRcRIHjo0,gahzal api yra g wapis ay jyooo,non-threat
YouTube,D9ZRcRIHjo0,vote for iphone giveaway,non-threat
YouTube,D9ZRcRIHjo0,,non-threat
YouTube,D9ZRcRIHjo0,hahahhad h owen m mama puri ati han,non-threat
YouTube,D9ZRcRIHjo0,aoa rajab family,non-threat
YouTube,D9ZRcRIHjo0,,non-threat
YouTube,D9ZRcRIHjo0,,non-threat
YouTube,D9ZRcRIHjo0,vote for stoling but sab car prank,non-threat
YouTube,D9ZRcRIHjo0,,non-threat
YouTube,D9ZRcRIHjo0,bhai jaan me hon ap boss ap he mere boss hum dono ek dosre ke boss hen hehe,non-threat
YouTube,D9ZRcRIHjo0,love you anti,non-threat
YouTube,D9ZRcRIHjo0,ye hi bat hai ghazal api chorye sab ko jo bolty hain uny bolnye dyee ap apni life enjoy kren,non-threat
YouTube,D9ZRcRIHjo0,gazal api ap ino ko ignor karo or vlog bnawo,non-threat
YouTube,D9ZRcRIHjo0,finally ab ghazal jawad family wapis agai,non-threat
YouTube,D9ZRcRIHjo0,,non-threat
YouTube,D9ZRcRIHjo0,rajab bhai jo lahore sy bahar hain wo give away ma nahi hongy kia skardu,non-threat
YouTube,D9ZRcRIHjo0,,non-threat
YouTube,D9ZRcRIHjo0,vote for emotional prank on syed haider please full support,non-threat
YouTube,D9ZRcRIHjo0,bahi jan,non-threat
YouTube,D9ZRcRIHjo0,thanks for  subscribe,non-threat
YouTube,D9ZRcRIHjo0,thank you vlog mein wapas aane ke liye ghazal happy,non-threat
